match_id,attack_team,defense_team,goals,attack_ranking,defense_ranking
1,MEX,RSA,2,14,60
1,RSA,MEX,0,60,14
2,KOR,CZE,2,22,40
2,CZE,KOR,1,40,22
3,CAN,BIH,1,33,64
3,BIH,CAN,1,64,33
4,USA,PAR,4,17,54
4,PAR,USA,1,54,17
5,QAT,SUI,1,56,19
5,SUI,QAT,1,19,56
6,BRA,MAR,1,6,7
6,MAR,BRA,1,7,6
7,HAI,SCO,0,83,39
7,SCO,HAI,1,39,83
8,AUS,TUR,2,27,26
8,TUR,AUS,0,26,27
9,GER,CUW,7,10,82
9,CUW,GER,1,82,10
10,NED,JPN,2,8,18
10,JPN,NED,2,18,8
11,CIV,ECU,1,38,23
11,ECU,CIV,0,23,38
12,SWE,TUN,5,25,45
12,TUN,SWE,1,45,25
13,ESP,CPV,0,2,67
13,CPV,ESP,0,67,2
14,BEL,EGY,1,9,36
14,EGY,BEL,1,36,9
15,KSA,URU,1,58,16
15,URU,KSA,1,16,58
16,IRN,NZL,2,20,85
16,NZL,IRN,2,85,20
17,FRA,SEN,3,3,15
17,SEN,FRA,1,15,3
18,IRQ,NOR,1,55,44
18,NOR,IRQ,4,44,55
19,ARG,ALG,3,1,28
19,ALG,ARG,0,28,1
20,AUT,JOR,3,24,63
20,JOR,AUT,1,63,24
21,POR,COD,1,5,61
21,COD,POR,1,61,5
22,ENG,CRO,4,4,11
22,CRO,ENG,2,11,4
23,GHA,PAN,1,49,34
23,PAN,GHA,0,34,49
24,UZB,COL,1,50,13
24,COL,UZB,3,13,50
25,MEX,KOR,1,14,22
25,KOR,MEX,0,22,14
26,CZE,RSA,1,40,60
26,RSA,CZE,1,60,40
27,CAN,QAT,6,33,56
27,QAT,CAN,0,56,33
28,SUI,BIH,4,19,64
28,BIH,SUI,1,64,19
29,BRA,HAI,3,6,83
29,HAI,BRA,0,83,6
30,SCO,MAR,0,39,7
30,MAR,SCO,1,7,39
31,USA,AUS,2,17,27
31,AUS,USA,0,27,17
32,TUR,PAR,0,26,54
32,PAR,TUR,1,54,26
33,GER,CIV,2,10,38
33,CIV,GER,1,38,10
34,ECU,CUW,0,23,82
34,CUW,ECU,0,82,23
35,NED,SWE,5,8,25
35,SWE,NED,1,25,8
36,TUN,JPN,0,45,18
36,JPN,TUN,4,18,45
37,BEL,IRN,0,9,20
37,IRN,BEL,0,20,9
38,NZL,EGY,1,85,36
38,EGY,NZL,3,36,85
39,ESP,KSA,4,2,58
39,KSA,ESP,0,58,2
40,URU,CPV,2,16,67
40,CPV,URU,2,67,16
41,FRA,IRQ,3,3,55
41,IRQ,FRA,0,55,3
42,NOR,SEN,3,44,15
42,SEN,NOR,2,15,44
43,ARG,AUT,2,1,24
43,AUT,ARG,0,24,1
44,JOR,ALG,1,63,28
44,ALG,JOR,2,28,63
45,POR,UZB,5,5,50
45,UZB,POR,0,50,5
46,COL,COD,1,13,61
46,COD,COL,0,61,13
47,ENG,GHA,0,4,49
47,GHA,ENG,0,49,4
48,PAN,CRO,0,34,11
48,CRO,PAN,1,11,34
49,CZE,MEX,0,40,14
49,MEX,CZE,3,14,40
50,RSA,KOR,1,60,22
50,KOR,RSA,0,22,60
51,SUI,CAN,2,19,33
51,CAN,SUI,1,33,19
52,BIH,QAT,3,64,56
52,QAT,BIH,1,56,64
53,SCO,BRA,0,39,6
53,BRA,SCO,3,6,39
54,MAR,HAI,4,7,83
54,HAI,MAR,2,83,7
55,TUR,USA,3,26,17
55,USA,TUR,2,17,26
56,PAR,AUS,0,54,27
56,AUS,PAR,0,27,54
57,ECU,GER,2,23,10
57,GER,ECU,1,10,23
58,CUW,CIV,0,82,38
58,CIV,CUW,2,38,82
59,TUN,NED,1,45,8
59,NED,TUN,3,8,45
60,JPN,SWE,1,18,25
60,SWE,JPN,1,25,18
61,NZL,BEL,1,85,9
61,BEL,NZL,5,9,85
62,EGY,IRN,1,36,20
62,IRN,EGY,1,20,36
63,URU,ESP,0,16,2
63,ESP,URU,1,2,16
64,CPV,KSA,0,67,58
64,KSA,CPV,0,58,67
65,NOR,FRA,1,44,3
65,FRA,NOR,4,3,44
66,SEN,IRQ,5,15,55
66,IRQ,SEN,0,55,15
67,JOR,ARG,1,63,1
67,ARG,JOR,3,1,63
68,ALG,AUT,3,28,24
68,AUT,ALG,3,24,28
69,COL,POR,0,13,5
69,POR,COL,0,5,13
70,COD,UZB,3,61,50
70,UZB,COD,1,50,61
71,PAN,ENG,0,34,4
71,ENG,PAN,2,4,34
72,CRO,GHA,2,11,49
72,GHA,CRO,1,49,11
73,RSA,CAN,0,60,33
73,CAN,RSA,1,33,60
74,BRA,JPN,2,6,18
74,JPN,BRA,1,18,6
75,GER,PAR,1,10,54
75,PAR,GER,1,54,10
76,NED,MAR,1,8,7
76,MAR,NED,1,7,8
77,CIV,NOR,1,38,44
77,NOR,CIV,2,44,38
78,FRA,SWE,3,3,25
78,SWE,FRA,0,25,3
79,MEX,ECU,2,14,23
79,ECU,MEX,0,23,14
80,ENG,COD,2,4,61
80,COD,ENG,1,61,4
81,BEL,SEN,3,9,15
81,SEN,BEL,2,15,9
82,USA,BIH,2,17,64
82,BIH,USA,0,64,17
83,ESP,AUT,3,2,24
83,AUT,ESP,0,24,2
84,POR,CRO,2,5,11
84,CRO,POR,1,11,5
85,SUI,ALG,2,19,28
85,ALG,SUI,0,28,19
86,AUS,EGY,1,27,36
86,EGY,AUS,1,36,27
87,ARG,CPV,3,1,67
87,CPV,ARG,2,67,1
88,COL,GHA,1,13,49
88,GHA,COL,0,49,13
89,PAR,FRA,0,54,3
89,FRA,PAR,1,3,54
90,CAN,MAR,0,33,7
90,MAR,CAN,3,7,33
91,BRA,NOR,1,6,44
91,NOR,BRA,2,44,6
92,MEX,ENG,2,14,4
92,ENG,MEX,3,4,14
93,POR,ESP,0,5,2
93,ESP,POR,1,2,5
94,USA,BEL,1,17,9
94,BEL,USA,4,9,17
95,ARG,EGY,3,1,36
95,EGY,ARG,2,36,1
96,SUI,COL,0,19,13
96,COL,SUI,0,13,19
97,FRA,MAR,2,3,7
97,MAR,FRA,0,7,3
98,ESP,BEL,2,2,9
98,BEL,ESP,1,9,2
99,NOR,ENG,1,44,4
99,ENG,NOR,2,4,44
100,ARG,SUI,3,1,19
100,SUI,ARG,1,19,1
101,FRA,ESP,0,3,2
101,ESP,FRA,2,2,3
102,ENG,ARG,1,4,1
102,ARG,ENG,2,1,4
103,FRA,ENG,4,3,4
103,ENG,FRA,6,4,3
104,ESP,ARG,0,2,1
104,ARG,ESP,0,1,2
